university,country
University of New South Wales,Australia
Copenhagen University,Denmark
Technical University of Denmark (DTU),Denmark
University of Southern Denmark ,Denmark
Ecole Nationnale de I Aviation Civile (Enac) Toulouse,France
Institut Superieur dElectronique de Paris,France
Telecom Bretagne,France
Hong Kong University of Science and Technology,Hong Kong
Daejeon University,Korea
Nanyang Technological University,Singapore
National University of Singapore,Singapore
Ewha Womans University,South Korea
Sungkyunkwan University,South Korea
Blekinge Institute of Technology,Sweden
KTH Royal Institute of Technology,Sweden
Uppsala University,Sweden
University of Bern,Switzerland
University of Zurich,Swizerland
National Taiwan university,Taiwan
CASE Western Reserve University,USA
Dartmouth College,USA
University of Hawaii at Manoa,USA
University of Notthingham - Ningbo campus,China
Peking University,China
IMT Atlantique - Brest Campus,France
IMT Atlantique - Nantes Campus,France
Epita Graduate School Of Computer Science,France
Ecam Lyon Graduate School of Engineering,France
ECE Paris - Graduate School of Engineering,France
Institut Polytechnique des Sciences Avancées (IPSA) -Paris,France
Chemnitz University of Technology,Germany
Politecnico di Milano,Italy
Waseda University,Japan
Kumamoto University,Japan
Hokkaido University,Japan
Gunma University,Japan
Kochi University of Technology,Japan
University of Ulsan,Korea
Hanyang University,Korea
Mondragon Unibertsitatea,Spain
Blekinge Institute of Technology ,Sweden
Linkoping University,Sweden
National Chiao Tung University,Taiwan
,
,
,
,
,
,
,
,
,
,
,
,
,
,
,
,
,
,
,
,
,
,
,
,
,
,
,
,
,
,
,
,
,
,
,
,
,
,
,
,
,
,
,
,
,
,
,
,
,
,
,
,
,
,
,
,
